53.252998, -1013.270996, 4.697000 

52.582001, -1012.966003, 5.307000 

52.459999, -1011.867981, 5.307000 

51.728001, -1011.807007, 6.466000 

51.423000, -1014.734985, 8.357000 

51.423000, -1011.075012, 9.882000 

49.959000, -1012.539001, 7.564000 

51.972000, -1013.637024, 6.344000 

51.544998, -1013.880981, 6.405000 

51.362000, -1014.064026, 5.673000 

51.605999, -1012.051025, 7.930000 

53.131001, -1012.051025, 5.490000 

53.070000, -1012.294983, 7.320000 

54.046001, -1014.429993, 5.124000 

51.300999, -1012.051025, 7.869000 

51.667000, -1012.356018, 6.161000 

52.703999, -1014.491028, 6.527000 

51.667000, -1012.539001, 9.638000 

52.277000, -1011.989990, 8.662000 

53.008999, -1011.745972, 7.564000 

50.569000, -1012.843994, 9.516000 

50.995998, -1012.112000, 9.333000 

51.849998, -1011.380005, 8.967000 

50.081001, -1012.966003, 10.370000 

52.398998, -1012.112000, 11.651000 

51.300999, -1012.843994, 11.407000 

50.507999, -1013.026978, 10.980000 

49.227001, -1011.624023, 8.479000 

50.202999, -1011.807007, 8.784000 

52.948002, -1013.148987, 5.063000 

51.423000, -1012.905029, 6.100000 

52.154999, -1012.539001, 5.612000 

52.459999, -1012.661011, 4.392000 

54.167999, -1012.478027, 4.209000 

52.398998, -1013.393005, 4.514000 

51.362000, -1014.247009, 4.758000 

51.240002, -1012.966003, 7.137000 

51.667000, -1013.637024, 8.479000 

51.300999, -1014.674011, 7.869000 

52.459999, -1011.989990, 8.723000 

52.094002, -1012.661011, 9.760000 

51.910999, -1012.051025, 9.211000 

51.179001, -1012.356018, 7.991000 

52.033001, -1012.843994, 7.869000 

51.789001, -1011.684998, 8.906000 

51.544998, -1011.257996, 5.978000 

51.179001, -1011.502014, 6.710000 

49.837002, -1014.064026, 6.466000 

50.507999, -1011.075012, 8.662000 

50.630001, -1013.942017, 9.089000 

51.056999, -1013.637024, 9.394000 

53.801998, -1011.867981, 8.418000 

50.630001, -1011.929016, 8.723000 

50.874001, -1010.953003, 6.649000 

52.764999, -1011.257996, 6.771000 

51.423000, -1012.661011, 7.869000 

49.715000, -1012.599976, 9.943000 

50.874001, -1011.867981, 8.601000 

52.033001, -1013.210022, 9.272000 

53.008999, -1013.210022, 7.991000 

52.521000, -1012.721985, 5.246000 

51.605999, -1012.051025, 6.100000 

51.300999, -1011.989990, 6.405000 

51.240002, -1012.294983, 6.100000 

53.375000, -1011.867981, 6.649000 

51.910999, -1012.721985, 7.808000 

51.972000, -1012.356018, 7.991000 

52.764999, -1013.026978, 7.381000 

50.141998, -1012.294983, 7.991000 

51.849998, -1012.721985, 9.150000 

49.715000, -1013.942017, 7.869000 

50.630001, -1012.356018, 7.198000 

50.264000, -1012.234009, 7.625000 

50.446999, -1010.830994, 6.283000 

51.240002, -1011.989990, 6.405000 

51.300999, -1013.331970, 6.100000 

51.728001, -1013.210022, 6.222000 

51.849998, -1011.807007, 7.259000 

48.068001, -1013.331970, 8.784000 

49.897999, -1014.125000, 7.869000 

49.959000, -1011.989990, 7.808000 

52.094002, -1011.440979, 7.869000 

52.154999, -1010.038025, 6.588000 

52.703999, -1011.745972, 7.625000 

51.484001, -1012.234009, 7.076000 

50.569000, -1010.403992, 6.466000 

50.751999, -1012.112000, 7.625000 

50.995998, -1013.210022, 8.479000 

52.521000, -1011.989990, 8.052000 

51.605999, -1011.989990, 7.564000 

50.751999, -1011.197021, 8.052000 

51.544998, -1011.807007, 8.296000 

49.105000, -1012.783020, 8.540000 

51.179001, -1013.331970, 9.638000 

52.033001, -1011.380005, 6.527000 

51.362000, -1012.051025, 8.113000 

50.813000, -1012.234009, 6.100000 

50.751999, -1010.892029, 7.747000 

49.837002, -1012.294983, 8.052000 

50.935001, -1012.172974, 7.076000 

50.691002, -1011.440979, 6.100000 

51.972000, -1012.416992, 7.625000 

50.813000, -1011.318970, 5.673000 

50.995998, -1011.135986, 6.161000 

51.300999, -1011.197021, 6.954000 

54.290001, -1013.880981, 7.625000 

52.826000, -1011.929016, 4.392000 

51.056999, -1010.281982, 6.832000 

49.166000, -1012.905029, 8.906000 

49.776001, -1014.125000, 9.943000 

52.154999, -1012.234009, 7.625000 

52.094002, -1011.807007, 9.089000 

50.995998, -1011.684998, 7.747000 

51.789001, -1011.318970, 7.564000 

54.046001, -1011.989990, 3.721000 

51.667000, -1012.843994, 8.601000 

51.667000, -1011.257996, 4.819000 

51.240002, -1013.575989, 5.978000 

50.569000, -1012.783020, 7.381000 

53.618999, -1012.356018, 7.564000 

50.995998, -1010.953003, 5.795000 

51.056999, -1012.172974, 8.967000 

51.423000, -1014.064026, 7.808000 

50.141998, -1011.562988, 6.527000 

51.544998, -1011.989990, 7.442000 

52.887001, -1015.344971, 7.198000 

52.521000, -1012.416992, 7.320000 

51.667000, -1009.489014, 5.856000 

51.362000, -1011.807007, 5.917000 

50.874001, -1014.185974, 4.880000 

51.362000, -1013.880981, 7.076000 

51.118000, -1011.440979, 7.137000 

52.277000, -1013.331970, 6.832000 

52.582001, -1013.453979, 6.161000 

51.849998, -1011.989990, 6.344000 

53.436001, -1012.356018, 4.636000 

52.459999, -1012.478027, 4.331000 

51.240002, -1014.856995, 5.978000 

52.094002, -1013.331970, 7.137000 

51.605999, -1011.867981, 6.771000 

51.605999, -1012.905029, 6.466000 

49.715000, -1014.064026, 6.832000 

51.179001, -1013.637024, 8.174000 

50.691002, -1012.356018, 8.601000 

51.789001, -1012.234009, 5.795000 

51.849998, -1013.697998, 6.344000 

52.948002, -1012.478027, 6.344000 

51.484001, -1012.843994, 6.649000 

51.910999, -1011.684998, 5.490000 

53.497002, -1013.820007, 6.954000 

52.033001, -1013.148987, 5.429000 

51.910999, -1013.210022, 5.795000 

50.874001, -1011.562988, 7.747000 

51.849998, -1010.343018, 7.320000 

52.703999, -1012.051025, 8.845000 

51.056999, -1015.101013, 7.808000 

51.240002, -1011.197021, 7.076000 

52.459999, -1013.637024, 7.198000 

51.728001, -1012.966003, 6.405000 

51.789001, -1012.966003, 8.296000 

52.398998, -1011.135986, 6.466000 

51.605999, -1011.867981, 4.819000 

52.277000, -1013.270996, 4.819000 

50.507999, -1011.684998, 4.941000 

51.240002, -1012.478027, 6.222000 

53.801998, -1012.112000, 8.357000 

51.362000, -1012.783020, 7.808000 

51.728001, -1014.247009, 7.747000 

51.118000, -1013.088013, 7.625000 

52.887001, -1013.942017, 5.002000 

53.375000, -1011.745972, 4.270000 

51.544998, -1014.369019, 5.246000 

50.874001, -1011.502014, 5.124000 

52.826000, -1011.318970, 5.551000 

51.484001, -1010.892029, 5.551000 

51.667000, -1013.515015, 6.893000 

51.544998, -1012.172974, 5.978000 

51.423000, -1011.624023, 5.307000 

51.484001, -1012.539001, 7.320000 

52.582001, -1011.989990, 6.527000 

50.995998, -1013.148987, 5.551000 

52.764999, -1012.294983, 6.161000 

51.605999, -1012.356018, 7.198000 

51.544998, -1011.929016, 4.697000 

50.874001, -1013.088013, 8.540000 

51.118000, -1012.661011, 6.100000 

52.703999, -1011.440979, 5.795000 

53.252998, -1012.234009, 5.063000 

51.605999, -1013.880981, 5.673000 

51.605999, -1012.356018, 4.758000 

52.887001, -1012.661011, 6.527000 

52.338001, -1011.562988, 5.673000 

53.436001, -1012.356018, 6.527000 

50.386002, -1012.721985, 5.490000 

50.874001, -1011.989990, 7.015000 

51.484001, -1011.075012, 6.954000 

52.948002, -1013.088013, 6.283000 

51.789001, -1013.270996, 6.710000 

51.972000, -1012.843994, 7.991000 

52.643002, -1011.380005, 6.954000 

51.667000, -1010.892029, 5.978000 

52.703999, -1013.331970, 6.466000 

51.728001, -1012.661011, 5.856000 

51.972000, -1010.830994, 7.320000 

50.569000, -1012.112000, 6.771000 

52.094002, -1012.966003, 7.259000 

49.348999, -1012.783020, 5.490000 

52.398998, -1011.684998, 6.832000 

51.423000, -1011.197021, 7.259000 

50.202999, -1011.929016, 7.625000 

51.728001, -1011.929016, 6.222000 

53.741001, -1014.552002, 5.734000 

52.521000, -1013.880981, 6.771000 

51.240002, -1013.880981, 6.649000 

51.118000, -1011.929016, 8.479000 

50.141998, -1013.453979, 7.686000 

51.484001, -1011.989990, 7.503000 

51.362000, -1011.318970, 7.015000 

49.959000, -1013.331970, 7.564000 

52.033001, -1012.843994, 7.808000 

50.569000, -1011.257996, 8.052000 

52.398998, -1012.294983, 6.954000 

51.240002, -1013.270996, 6.893000 

52.216000, -1012.539001, 6.161000 

50.630001, -1012.294983, 7.015000 

50.874001, -1013.820007, 5.795000 

48.738998, -1013.088013, 6.283000 

52.154999, -1011.745972, 7.564000 

51.728001, -1011.745972, 8.479000 

50.630001, -1013.637024, 9.211000 

51.240002, -1013.637024, 7.564000 

51.300999, -1013.148987, 5.917000 

51.118000, -1012.356018, 5.795000 

53.131001, -1013.270996, 5.429000 

51.484001, -1010.708984, 5.185000 

51.789001, -1012.966003, 5.185000 

50.202999, -1012.783020, 5.551000 

51.728001, -1013.270996, 6.405000 

53.436001, -1014.002991, 7.076000 

52.948002, -1012.783020, 5.063000 

52.216000, -1012.783020, 6.527000 

52.216000, -1012.843994, 5.856000 

52.521000, -1013.088013, 5.551000 

52.398998, -1012.051025, 5.429000 

50.202999, -1011.013977, 7.503000 

49.776001, -1013.270996, 4.514000 

52.277000, -1013.880981, 6.893000 

52.521000, -1011.502014, 6.222000 

52.459999, -1012.356018, 4.270000 

52.154999, -1014.064026, 3.904000 

51.910999, -1012.721985, 4.575000 

53.313999, -1010.648010, 6.344000 

52.338001, -1010.465027, 4.453000 

51.728001, -1013.026978, 7.015000 

49.592999, -1011.380005, 4.636000 

53.008999, -1012.661011, 5.307000 

52.887001, -1012.905029, 5.673000 

52.154999, -1011.440979, 3.599000 

52.277000, -1012.661011, 5.551000 

53.375000, -1010.221008, 6.222000 

52.459999, -1011.929016, 5.490000 

52.094002, -1014.247009, 6.710000 

51.240002, -1013.148987, 7.686000 

50.446999, -1010.830994, 6.039000 

50.691002, -1012.478027, 6.527000 

50.995998, -1013.942017, 6.588000 

51.179001, -1011.929016, 6.771000 

52.521000, -1012.905029, 6.161000 

51.910999, -1013.453979, 5.612000 

52.764999, -1012.661011, 5.612000 

51.423000, -1011.197021, 7.015000 

49.897999, -1012.478027, 5.917000 

50.446999, -1012.783020, 4.331000 

50.751999, -1011.380005, 4.148000 

50.751999, -1012.478027, 3.599000 

52.948002, -1011.989990, 5.063000 

51.972000, -1012.661011, 5.246000 

53.557999, -1011.745972, 4.880000 

51.728001, -1012.661011, 5.978000 

50.507999, -1011.989990, 7.930000 

52.277000, -1011.440979, 7.198000 

51.179001, -1012.172974, 4.880000 

51.605999, -1011.562988, 6.710000 

51.605999, -1012.539001, 5.063000 

52.826000, -1011.807007, 5.673000 

52.703999, -1011.684998, 2.196000 

52.703999, -1012.172974, 3.416000 

53.070000, -1012.234009, 3.904000 

51.484001, -1012.661011, 4.758000 

52.887001, -1013.515015, 6.466000 

51.484001, -1011.684998, 6.405000 

49.776001, -1013.453979, 5.673000 

51.910999, -1015.710999, 5.978000 

51.179001, -1012.172974, 5.978000 

53.192001, -1011.807007, 5.673000 

53.436001, -1013.088013, 3.843000 

54.167999, -1013.820007, 2.806000 

52.154999, -1012.539001, 4.331000 

51.605999, -1011.440979, 4.758000 

51.484001, -1012.905029, 4.514000 

50.995998, -1013.270996, 6.405000 

51.789001, -1013.148987, 7.625000 

51.300999, -1012.966003, 7.564000 

51.300999, -1011.075012, 4.941000 

53.375000, -1012.599976, 5.551000 

51.910999, -1011.502014, 5.307000 

53.801998, -1012.051025, 5.795000 

50.264000, -1013.088013, 3.904000 

53.070000, -1011.318970, 4.941000 

52.826000, -1012.661011, 3.477000 

52.521000, -1012.783020, 2.623000 

51.240002, -1011.684998, 5.185000 

51.605999, -1014.002991, 6.893000 

52.826000, -1012.539001, 6.649000 

51.972000, -1011.380005, 6.100000 

52.154999, -1011.318970, 6.649000 

52.521000, -1013.575989, 5.734000 

52.277000, -1012.172974, 5.063000 

51.240002, -1011.807007, 3.721000 

52.826000, -1011.257996, 3.233000 

52.216000, -1011.745972, 2.379000 

51.972000, -1011.257996, 4.026000 

51.667000, -1010.892029, 3.904000 

52.582001, -1011.380005, 5.856000 

51.789001, -1012.112000, 2.806000 

52.094002, -1013.210022, 5.124000 

52.398998, -1012.661011, 5.185000 

49.776001, -1012.966003, 5.429000 

52.094002, -1013.026978, 5.246000 

52.398998, -1012.539001, 5.246000 

50.141998, -1010.770020, 5.490000 

53.008999, -1013.088013, 7.198000 

51.544998, -1010.892029, 5.673000 

51.423000, -1011.380005, 5.368000 

51.423000, -1013.331970, 5.490000 

52.521000, -1013.026978, 5.795000 

52.154999, -1010.953003, 6.222000 

50.995998, -1012.294983, 4.880000 

50.751999, -1013.026978, 3.904000 

52.459999, -1011.989990, 5.490000 

52.948002, -1014.918030, 5.612000 

52.033001, -1014.491028, 6.161000 

51.972000, -1013.515015, 4.697000 

51.240002, -1013.331970, 7.442000 

52.277000, -1013.880981, 4.575000 

52.521000, -1011.745972, 5.551000 

51.544998, -1012.356018, 3.965000 

52.948002, -1013.942017, 6.039000 

51.667000, -1011.929016, 6.100000 

52.826000, -1011.135986, 6.588000 

51.789001, -1013.453979, 5.551000 

52.338001, -1013.453979, 6.100000 

52.764999, -1012.721985, 5.612000 

52.948002, -1013.148987, 5.429000 

53.375000, -1012.905029, 4.453000 

52.154999, -1012.661011, 5.307000 

52.033001, -1012.843994, 8.662000 

53.497002, -1012.416992, 4.636000 

51.056999, -1011.318970, 6.344000 

53.131001, -1011.440979, 6.161000 

52.521000, -1011.745972, 6.039000 

52.643002, -1011.624023, 5.673000 

51.910999, -1012.599976, 6.222000 

51.849998, -1012.721985, 8.723000 

50.264000, -1012.661011, 6.405000 

53.924000, -1013.148987, 7.198000 

51.056999, -1011.013977, 6.832000 

51.300999, -1013.210022, 6.161000 

52.154999, -1012.234009, 7.076000 

51.300999, -1011.318970, 8.845000 

53.801998, -1011.684998, 7.198000 

51.667000, -1011.318970, 7.625000 

52.948002, -1011.075012, 7.686000 

51.484001, -1014.979004, 5.246000 

52.643002, -1013.026978, 7.015000 

53.070000, -1012.783020, 5.673000 

50.264000, -1012.234009, 6.466000 

50.325001, -1012.539001, 7.320000 

51.240002, -1013.270996, 8.052000 

51.300999, -1013.758972, 8.784000 

52.887001, -1012.721985, 9.577000 

52.033001, -1011.745972, 9.577000 

53.557999, -1011.562988, 5.307000 

51.118000, -1012.843994, 4.880000 

51.544998, -1010.953003, 5.856000 

53.008999, -1013.515015, 5.551000 

52.277000, -1012.966003, 6.893000 

52.094002, -1012.966003, 8.906000 

51.849998, -1012.416992, 7.747000 

50.446999, -1012.172974, 8.723000 

51.300999, -1012.599976, 8.540000 

51.972000, -1012.112000, 8.662000 

52.216000, -1011.562988, 8.784000 

52.154999, -1010.953003, 7.137000 

51.605999, -1011.929016, 6.954000 

51.544998, -1011.502014, 8.113000 

51.849998, -1013.148987, 7.137000 

50.630001, -1011.745972, 8.540000 

50.813000, -1013.026978, 9.455000 

52.216000, -1012.905029, 8.845000 

50.325001, -1011.624023, 7.564000 

51.544998, -1012.416992, 7.930000 

50.569000, -1012.721985, 7.747000 

51.544998, -1013.453979, 7.320000 

51.605999, -1012.294983, 8.967000 

51.240002, -1010.892029, 9.150000 

51.240002, -1013.758972, 7.442000 

51.056999, -1011.380005, 8.235000 

49.653999, -1013.270996, 10.126000 

52.521000, -1013.393005, 8.418000 

53.680000, -1013.942017, 6.710000 

52.887001, -1011.989990, 8.906000 

53.313999, -1011.867981, 7.991000 

52.094002, -1011.989990, 7.503000 

51.972000, -1012.234009, 6.222000 

49.837002, -1012.172974, 7.076000 

50.507999, -1011.318970, 7.381000 

52.643002, -1012.416992, 9.150000 

50.386002, -1010.830994, 7.747000 

50.874001, -1013.758972, 10.431000 

51.423000, -1010.221008, 8.906000 

51.179001, -1012.051025, 8.418000 

51.240002, -1014.612976, 7.686000 

50.630001, -1012.539001, 7.137000 

52.764999, -1010.221008, 6.649000 

51.300999, -1010.281982, 8.601000 

50.630001, -1010.708984, 6.466000 

51.484001, -1011.562988, 8.113000 

53.375000, -1009.732971, 7.381000 

50.386002, -1009.671997, 7.503000 

52.033001, -1011.135986, 8.601000 

53.131001, -1013.515015, 7.808000 

51.728001, -1012.172974, 7.198000 

51.728001, -1012.966003, 8.784000 

52.703999, -1011.684998, 9.211000 

51.849998, -1012.416992, 9.333000 

50.630001, -1012.172974, 9.089000 

50.264000, -1011.807007, 11.041000 

50.935001, -1012.599976, 10.797000 

53.008999, -1013.637024, 10.919000 

51.728001, -1012.966003, 10.614000 

50.081001, -1014.856995, 11.041000 

50.446999, -1010.953003, 8.052000 

51.118000, -1013.088013, 8.418000 

49.410000, -1011.807007, 9.333000 

50.081001, -1011.929016, 8.601000 

51.362000, -1011.745972, 8.967000 

50.874001, -1012.661011, 7.503000 

51.972000, -1011.624023, 9.516000 

51.484001, -1012.356018, 11.285000 

50.325001, -1012.172974, 11.712000 

49.348999, -1012.783020, 10.065000 

50.081001, -1012.112000, 10.248000 

51.484001, -1013.393005, 7.259000 

50.446999, -1012.172974, 7.930000 

52.154999, -1012.843994, 7.930000 

51.605999, -1010.830994, 8.418000 

51.118000, -1011.989990, 8.113000 

49.837002, -1013.148987, 8.296000 

49.959000, -1012.721985, 10.126000 

52.948002, -1011.197021, 6.649000 

51.118000, -1011.257996, 7.930000 

51.362000, -1013.453979, 5.856000 

53.375000, -1014.002991, 7.198000 

52.826000, -1010.892029, 7.869000 

50.081001, -1012.172974, 8.418000 

50.386002, -1011.013977, 7.991000 

51.544998, -1012.783020, 8.174000 

52.033001, -1011.197021, 9.577000 

52.521000, -1012.661011, 6.649000 

52.582001, -1013.331970, 5.368000 

52.154999, -1011.562988, 7.015000 

50.325001, -1013.088013, 8.235000 

50.507999, -1011.197021, 8.906000 

51.972000, -1011.257996, 10.065000 

52.703999, -1012.661011, 9.333000 

50.751999, -1012.539001, 9.272000 

52.582001, -1013.453979, 5.917000 

52.521000, -1012.721985, 8.662000 

53.680000, -1013.270996, 8.723000 

52.033001, -1011.684998, 7.320000 

50.813000, -1009.916016, 7.930000 

50.874001, -1010.465027, 9.455000 

51.423000, -1012.966003, 9.638000 

52.887001, -1011.867981, 8.296000 

52.398998, -1011.684998, 8.113000 

53.436001, -1012.356018, 6.588000 

52.826000, -1012.051025, 7.869000 

49.837002, -1012.661011, 8.174000 

51.605999, -1013.697998, 8.052000 

51.423000, -1013.880981, 9.577000 

51.056999, -1011.502014, 9.333000 

50.995998, -1013.453979, 9.516000 

50.630001, -1014.612976, 9.516000 

51.484001, -1012.539001, 8.418000 

51.849998, -1011.257996, 6.893000 

51.300999, -1012.478027, 8.540000 

52.277000, -1011.624023, 8.845000 

52.277000, -1014.552002, 9.028000 

49.227001, -1011.013977, 9.577000 

52.582001, -1013.697998, 8.296000 

50.751999, -1013.942017, 10.126000 

49.348999, -1010.953003, 8.967000 

49.043999, -1012.843994, 7.076000 

52.459999, -1012.172974, 8.540000 

51.667000, -1012.966003, 7.076000 

53.070000, -1012.539001, 8.113000 

50.446999, -1011.075012, 7.747000 

53.131001, -1012.721985, 9.028000 

50.020000, -1013.210022, 7.991000 

51.179001, -1013.453979, 9.760000 

51.300999, -1013.575989, 8.540000 

50.813000, -1012.416992, 8.235000 

50.874001, -1011.502014, 6.527000 

51.667000, -1011.197021, 9.272000 

50.874001, -1013.270996, 6.527000 

51.910999, -1011.807007, 8.540000 

52.094002, -1011.929016, 9.516000 

50.507999, -1011.440979, 8.845000 

51.240002, -1011.318970, 8.784000 

50.874001, -1011.929016, 9.028000 

51.423000, -1012.905029, 9.882000 

52.764999, -1012.599976, 9.943000 

48.799999, -1013.880981, 9.638000 

51.179001, -1011.745972, 8.845000 

50.751999, -1012.905029, 8.418000 

52.643002, -1013.270996, 7.991000 

52.398998, -1010.343018, 7.076000 

51.605999, -1013.637024, 5.063000 

51.179001, -1014.247009, 7.991000 

51.605999, -1010.586975, 7.320000 

49.532001, -1012.905029, 6.588000 

49.532001, -1014.185974, 3.599000 

51.240002, -1014.369019, 4.270000 

53.924000, -1009.427979, 3.538000 

52.277000, -1010.830994, 2.318000 

52.948002, -1012.051025, 2.257000 

53.070000, -1011.013977, 2.257000 

52.094002, -1011.318970, 3.904000 

52.338001, -1012.416992, 6.771000 

51.910999, -1012.966003, 9.211000 

48.678001, -1012.843994, 15.738000 

49.471001, -1014.125000, 15.128000 

49.410000, -1016.015991, 14.274000 

50.935001, -1013.453979, 15.311000 

49.959000, -1012.172974, 10.919000 

53.070000, -1012.356018, 10.004000 

51.849998, -1012.294983, 8.479000 

51.728001, -1012.294983, 7.930000 

53.252998, -1010.281982, 7.137000 

50.751999, -1012.721985, 5.856000 

50.874001, -1012.661011, 8.967000 

50.507999, -1012.905029, 9.882000 

49.105000, -1013.210022, 9.699000 

53.008999, -1011.318970, 9.516000 

53.375000, -1012.966003, 8.296000 

52.703999, -1012.721985, 7.808000 

50.446999, -1013.515015, 8.174000 

53.008999, -1010.953003, 5.917000 

52.033001, -1012.783020, 7.381000 

51.179001, -1011.440979, 6.222000 

50.874001, -1011.197021, 5.978000 

52.338001, -1012.539001, 5.551000 

49.897999, -1011.807007, 6.710000 

51.118000, -1012.294983, 8.235000 

49.287998, -1011.257996, 5.856000 

51.423000, -1012.234009, 6.954000 

51.667000, -1010.586975, 8.662000 

53.070000, -1012.051025, 7.381000 

51.728001, -1011.318970, 9.333000 

52.398998, -1010.465027, 9.089000 

51.423000, -1013.088013, 9.882000 

51.118000, -1013.453979, 8.845000 

51.728001, -1013.515015, 7.869000 

49.653999, -1012.966003, 9.394000 

50.691002, -1012.172974, 6.710000 

50.995998, -1013.942017, 8.906000 

49.592999, -1011.745972, 6.893000 

51.789001, -1013.026978, 5.185000 

50.751999, -1013.026978, 4.819000 

50.935001, -1011.624023, 6.954000 

50.141998, -1013.575989, 5.307000 

51.910999, -1013.331970, 7.564000 

48.922001, -1014.247009, 6.344000 

51.300999, -1013.453979, 8.174000 

51.849998, -1011.135986, 6.527000 

51.179001, -1011.380005, 6.893000 

52.582001, -1013.088013, 5.063000 

50.935001, -1013.820007, 5.002000 

52.826000, -1012.783020, 5.490000 

52.216000, -1010.586975, 6.954000 

50.202999, -1013.088013, 6.344000 

51.300999, -1014.002991, 7.991000 

52.154999, -1012.356018, 7.198000 

52.216000, -1009.976990, 7.747000 

50.020000, -1011.135986, 6.466000 

53.131001, -1012.661011, 5.795000 

51.972000, -1012.294983, 5.673000 

51.056999, -1012.478027, 6.710000 

50.020000, -1011.807007, 8.235000 

49.532001, -1013.026978, 8.052000 

50.935001, -1012.356018, 8.906000 

51.972000, -1011.989990, 7.076000 

51.179001, -1011.318970, 6.100000 

51.789001, -1012.356018, 5.795000 

52.764999, -1012.234009, 3.843000 

53.375000, -1014.429993, 4.758000 

52.521000, -1011.135986, 3.904000 

50.874001, -1013.210022, 4.148000 

51.910999, -1012.783020, 5.063000 

50.264000, -1012.661011, 6.039000 

50.507999, -1010.586975, 8.235000 

52.764999, -1011.989990, 5.917000 

50.995998, -1013.453979, 6.832000 

53.252998, -1011.562988, 5.917000 

52.398998, -1011.807007, 6.161000 

53.618999, -1013.210022, 5.307000 

51.118000, -1013.026978, 6.100000 

50.935001, -1014.185974, 4.636000 

51.728001, -1013.697998, 6.954000 

52.764999, -1011.624023, 3.965000 

52.094002, -1014.491028, 7.442000 

49.715000, -1013.148987, 5.185000 

50.141998, -1010.648010, 5.368000 

50.569000, -1012.112000, 8.296000 

52.643002, -1013.026978, 6.954000 

52.826000, -1012.356018, 5.551000 

53.008999, -1012.539001, 6.344000 

53.313999, -1011.502014, 5.246000 

51.667000, -1015.039978, 4.148000 

52.094002, -1013.880981, 3.965000 

51.972000, -1011.867981, 4.392000 

51.849998, -1013.393005, 6.222000 

53.192001, -1013.820007, 6.893000 

52.582001, -1012.599976, 6.039000 

50.386002, -1011.197021, 7.625000 

54.473000, -1011.318970, 8.174000 

51.910999, -1012.294983, 5.246000 

50.935001, -1014.247009, 4.636000 

52.277000, -1010.770020, 2.318000 

53.008999, -1011.257996, 4.087000 

52.277000, -1011.929016, 2.562000 

51.667000, -1012.172974, 3.416000 

52.398998, -1014.491028, 5.673000 

50.813000, -1011.197021, 7.259000 

50.935001, -1013.575989, 7.076000 

52.764999, -1013.637024, 5.856000 

51.056999, -1010.586975, 6.222000 

51.667000, -1012.661011, 4.514000 

51.910999, -1013.026978, 3.233000 

52.154999, -1011.745972, 3.965000 

52.216000, -1012.112000, 4.636000 

51.910999, -1011.989990, 5.978000 

52.643002, -1014.612976, 6.771000 

53.375000, -1013.270996, 5.429000 

52.277000, -1013.515015, 6.649000 

50.569000, -1011.929016, 5.795000 

53.008999, -1012.478027, 4.819000 

49.715000, -1013.331970, 5.246000 

52.154999, -1011.562988, 5.429000 

51.240002, -1012.172974, 5.307000 

50.141998, -1011.684998, 7.381000 

53.924000, -1012.783020, 7.381000 

52.643002, -1012.112000, 6.161000 

50.995998, -1011.989990, 6.405000 

51.667000, -1011.807007, 7.625000 

51.423000, -1013.697998, 7.503000 

50.202999, -1012.905029, 8.418000 

51.240002, -1012.478027, 8.845000 

50.995998, -1012.661011, 9.089000 

53.252998, -1013.453979, 6.954000 

51.362000, -1012.416992, 7.076000 

52.582001, -1011.989990, 5.307000 

51.849998, -1013.453979, 3.477000 

52.033001, -1013.453979, 3.660000 

53.618999, -1011.135986, 4.514000 

52.521000, -1012.539001, 5.246000 

52.154999, -1010.953003, 4.026000 

51.423000, -1012.478027, 4.087000 

53.252998, -1012.294983, 5.246000 

52.033001, -1011.502014, 6.527000 

51.484001, -1011.197021, 6.771000 

53.008999, -1013.453979, 5.795000 

53.252998, -1011.745972, 4.697000 

52.643002, -1011.502014, 5.795000 

52.764999, -1011.135986, 4.514000 

51.484001, -1011.502014, 5.734000 

51.362000, -1013.697998, 6.161000 

48.556000, -1013.637024, 7.381000 

50.141998, -1012.966003, 5.734000 

52.277000, -1012.356018, 6.344000 

50.935001, -1012.783020, 5.673000 

53.680000, -1013.453979, 8.479000 

50.935001, -1011.624023, 7.991000 

50.020000, -1012.051025, 8.418000 

51.728001, -1011.135986, 9.089000 

49.287998, -1012.356018, 7.076000 

50.264000, -1012.051025, 5.185000 

50.995998, -1013.820007, 6.161000 

51.972000, -1011.562988, 6.710000 

53.313999, -1009.611023, 6.100000 

51.789001, -1013.575989, 5.856000 

53.375000, -1013.026978, 8.540000 

52.033001, -1014.247009, 6.771000 

51.849998, -1012.783020, 5.856000 

50.874001, -1011.989990, 9.394000 

50.995998, -1012.539001, 6.588000 

50.874001, -1011.624023, 6.710000 

52.216000, -1010.953003, 6.161000 

53.131001, -1011.745972, 6.954000 

52.764999, -1012.905029, 6.954000 

52.277000, -1012.966003, 5.917000 

51.910999, -1012.661011, 7.564000 

52.521000, -1011.013977, 5.551000 

51.423000, -1012.051025, 6.100000 

52.521000, -1012.783020, 6.588000 

53.008999, -1012.721985, 6.222000 

51.484001, -1011.807007, 7.442000 

52.582001, -1011.929016, 5.490000 

52.887001, -1013.148987, 5.612000 

50.507999, -1015.223022, 8.479000 

51.544998, -1011.745972, 9.089000 

51.789001, -1012.905029, 9.516000 

53.801998, -1012.783020, 6.527000 

52.703999, -1013.637024, 7.015000 

52.033001, -1010.403992, 7.747000 

50.935001, -1010.648010, 4.941000 

52.643002, -1012.843994, 8.235000 

50.874001, -1013.210022, 7.625000 

52.703999, -1012.416992, 7.686000 

50.141998, -1013.758972, 6.527000 

52.216000, -1012.051025, 8.845000 

52.643002, -1013.393005, 5.002000 

51.484001, -1012.356018, 6.039000 

52.216000, -1013.453979, 5.490000 

52.398998, -1010.281982, 5.917000 

51.849998, -1013.453979, 6.283000 

51.362000, -1013.270996, 6.649000 

51.972000, -1011.380005, 8.174000 

52.887001, -1011.929016, 8.662000 

51.789001, -1014.125000, 6.771000 

51.179001, -1012.843994, 9.150000 

52.216000, -1011.989990, 7.381000 

52.887001, -1013.088013, 7.198000 

51.118000, -1012.234009, 5.978000 

49.959000, -1012.783020, 7.747000 

51.423000, -1010.465027, 7.686000 

52.948002, -1012.539001, 7.015000 

50.874001, -1013.088013, 5.978000 

50.751999, -1012.112000, 7.442000 

52.154999, -1012.905029, 9.211000 

51.056999, -1012.599976, 8.113000 

50.751999, -1012.539001, 8.235000 

51.300999, -1013.026978, 7.869000 

51.423000, -1012.905029, 5.795000 

51.179001, -1012.905029, 4.270000 

51.179001, -1011.257996, 6.283000 

52.033001, -1013.820007, 4.514000 

51.605999, -1013.331970, 7.381000 

52.216000, -1011.929016, 8.113000 

52.338001, -1011.502014, 7.137000 

52.033001, -1011.257996, 6.954000 

51.179001, -1013.026978, 7.930000 

50.995998, -1013.453979, 7.320000 

50.507999, -1011.929016, 6.771000 

52.643002, -1011.562988, 6.771000 

53.252998, -1012.539001, 9.089000 

52.521000, -1012.356018, 7.137000 

52.033001, -1012.599976, 8.723000 

52.277000, -1012.112000, 6.649000 

51.179001, -1012.661011, 7.503000 

54.106998, -1011.745972, 6.527000 

52.643002, -1011.075012, 7.015000 

52.338001, -1012.721985, 3.843000 

51.728001, -1011.502014, 5.551000 

51.972000, -1012.478027, 6.283000 

52.154999, -1011.562988, 7.015000 

53.801998, -1011.440979, 7.686000 

51.179001, -1013.697998, 6.527000 

50.202999, -1013.758972, 7.259000 

52.826000, -1010.892029, 7.015000 

52.154999, -1012.843994, 5.978000 

53.252998, -1011.013977, 5.673000 

51.972000, -1012.905029, 5.368000 

51.910999, -1011.135986, 5.551000 

51.484001, -1012.783020, 7.259000 

50.995998, -1012.478027, 8.479000 

50.691002, -1014.002991, 8.662000 

54.595001, -1012.356018, 7.259000 

51.179001, -1012.416992, 5.307000 

52.033001, -1011.440979, 5.185000 

51.544998, -1013.880981, 6.588000 

52.582001, -1013.575989, 8.418000 

52.826000, -1012.416992, 7.808000 

52.643002, -1013.575989, 5.856000 

52.216000, -1012.172974, 5.307000 

52.459999, -1011.867981, 8.235000 

49.776001, -1011.135986, 7.076000 

52.948002, -1012.661011, 8.235000 

51.056999, -1010.403992, 7.625000 

53.375000, -1011.013977, 7.442000 

51.972000, -1013.026978, 6.039000 

52.398998, -1012.905029, 6.649000 

50.935001, -1012.294983, 7.198000 

51.667000, -1012.599976, 8.052000 

52.094002, -1011.929016, 8.357000 

53.313999, -1012.294983, 7.015000 

50.630001, -1013.880981, 6.771000 

52.154999, -1012.721985, 4.636000 

52.948002, -1011.318970, 4.697000 

53.618999, -1013.148987, 6.527000 

52.582001, -1012.721985, 7.137000 

51.423000, -1012.234009, 7.015000 

49.837002, -1012.051025, 7.503000 

51.362000, -1012.478027, 8.479000 

50.264000, -1014.247009, 8.845000 

53.436001, -1011.807007, 8.174000 

52.398998, -1012.112000, 7.442000 

50.995998, -1012.783020, 8.784000 

53.192001, -1012.599976, 8.601000 

52.277000, -1012.539001, 7.930000 

51.179001, -1010.343018, 6.466000 

51.484001, -1010.708984, 8.601000 

51.300999, -1010.648010, 8.357000 

52.398998, -1012.599976, 9.272000 

51.605999, -1012.051025, 6.832000 

50.935001, -1011.867981, 6.222000 

51.179001, -1013.148987, 6.466000 

51.423000, -1011.013977, 7.442000 

51.605999, -1011.502014, 8.479000 

51.240002, -1011.684998, 7.137000 

50.691002, -1013.148987, 6.832000 

51.667000, -1010.648010, 7.930000 

50.569000, -1012.051025, 5.185000 

51.910999, -1011.318970, 6.283000 

50.691002, -1013.697998, 5.490000 

52.398998, -1011.440979, 8.906000 

53.192001, -1011.440979, 6.588000 

52.277000, -1012.539001, 6.954000 

51.972000, -1011.562988, 6.771000 

51.423000, -1010.830994, 6.771000 

51.300999, -1012.234009, 7.686000 

51.362000, -1013.758972, 9.760000 

51.789001, -1012.905029, 8.967000 

51.667000, -1010.465027, 5.856000 

52.703999, -1011.929016, 4.941000 

53.985001, -1012.539001, 4.636000 

50.386002, -1010.403992, 5.490000 

51.728001, -1013.453979, 7.198000 

50.935001, -1011.745972, 7.564000 

52.521000, -1011.684998, 7.869000 

51.972000, -1014.002991, 8.601000 

51.972000, -1013.758972, 5.429000 

51.849998, -1012.843994, 5.673000 

50.813000, -1011.440979, 7.869000 

51.056999, -1013.453979, 8.235000 

50.995998, -1014.125000, 10.736000 

52.643002, -1012.478027, 8.357000 

51.118000, -1011.135986, 6.344000 

52.703999, -1014.185974, 5.856000 

52.338001, -1011.440979, 7.198000 

52.459999, -1013.820007, 6.222000 

52.582001, -1011.745972, 8.235000 

51.179001, -1011.624023, 6.649000 

51.423000, -1013.942017, 7.259000 

52.948002, -1012.539001, 6.893000 

51.667000, -1012.294983, 6.710000 

53.252998, -1012.051025, 7.930000 

53.497002, -1012.294983, 7.503000 

51.484001, -1012.843994, 7.259000 

51.240002, -1011.075012, 6.466000 

52.948002, -1011.013977, 7.442000 

49.227001, -1013.148987, 6.405000 

50.446999, -1013.515015, 6.954000 

51.544998, -1013.026978, 6.588000 

52.521000, -1011.013977, 5.551000 

51.728001, -1011.075012, 5.673000 

51.972000, -1011.624023, 6.039000 

51.667000, -1012.539001, 4.209000 

51.849998, -1011.807007, 8.235000 

51.484001, -1012.294983, 6.588000 

50.813000, -1012.905029, 7.320000 

49.410000, -1014.429993, 7.442000 

52.703999, -1012.539001, 7.564000 

52.703999, -1012.416992, 4.575000 

54.229000, -1011.502014, 6.344000 

51.972000, -1013.453979, 4.697000 

52.887001, -1012.112000, 5.002000 

52.277000, -1009.489014, 4.880000 

52.521000, -1011.989990, 7.076000 

52.277000, -1014.429993, 6.039000 

51.300999, -1011.197021, 8.174000 

50.935001, -1013.026978, 5.307000 

52.398998, -1011.807007, 8.540000 

53.313999, -1013.697998, 5.795000 

50.325001, -1012.294983, 6.283000 

51.849998, -1012.599976, 6.466000 

52.948002, -1012.234009, 6.283000 

53.741001, -1012.599976, 6.649000 

52.887001, -1013.575989, 6.100000 

51.789001, -1012.539001, 6.710000 

51.849998, -1010.708984, 6.039000 

52.826000, -1012.661011, 5.368000 

50.141998, -1014.002991, 4.758000 

50.935001, -1012.539001, 7.076000 

50.874001, -1010.648010, 5.917000 

51.423000, -1010.830994, 6.283000 

53.618999, -1011.440979, 4.880000 

55.021999, -1012.416992, 3.965000 

53.375000, -1014.185974, 3.172000 

53.680000, -1011.440979, 2.867000 

52.338001, -1014.307983, 2.989000 

53.252998, -1014.002991, 4.636000 

53.375000, -1011.867981, 5.185000 

51.300999, -1012.966003, 5.429000 

53.497002, -1012.112000, 5.002000 

53.008999, -1012.661011, 5.429000 

51.544998, -1011.867981, 5.490000 

53.618999, -1011.502014, 4.331000 

52.521000, -1012.905029, 3.904000 

51.240002, -1011.075012, 4.331000 

53.008999, -1012.234009, 3.599000 

53.862999, -1013.026978, 3.660000 

50.446999, -1012.843994, 5.063000 

53.008999, -1013.331970, 3.477000 

52.582001, -1011.380005, 3.660000 

52.703999, -1011.013977, 6.344000 

54.290001, -1011.867981, 5.551000 

53.252998, -1013.453979, 4.819000 

53.618999, -1011.197021, 4.026000 

51.910999, -1013.026978, 5.307000 

52.764999, -1011.929016, 5.490000 

54.106998, -1012.721985, 4.026000 

54.473000, -1012.172974, 5.734000 

52.398998, -1012.172974, 5.368000 

51.667000, -1011.867981, 4.636000 

51.240002, -1012.416992, 4.026000 

51.910999, -1012.294983, 5.307000 

51.789001, -1013.637024, 5.795000 

50.751999, -1012.051025, 5.368000 

54.167999, -1012.661011, 2.135000 

51.789001, -1012.112000, 3.843000 

51.849998, -1009.916016, 5.063000 

53.497002, -1014.125000, 4.575000 

53.497002, -1009.916016, 4.392000 

52.764999, -1012.539001, 4.880000 

50.446999, -1011.562988, 3.538000 

52.398998, -1011.807007, 4.575000 

52.703999, -1011.197021, 4.880000 

55.632000, -1012.783020, 3.599000 

49.592999, -1012.721985, 4.697000 

51.423000, -1012.599976, 4.819000 

53.313999, -1010.648010, 4.331000 

52.826000, -1011.684998, 4.819000 

52.582001, -1011.624023, 4.270000 

51.300999, -1010.526001, 4.026000 

54.290001, -1011.135986, 4.575000 

52.887001, -1013.393005, 6.344000 

53.497002, -1012.721985, 5.185000 

51.972000, -1014.918030, 3.660000 

53.497002, -1014.674011, 4.575000 

52.277000, -1011.257996, 4.514000 

53.436001, -1011.745972, 3.721000 

52.154999, -1013.575989, 5.429000 

51.484001, -1013.088013, 2.806000 

53.801998, -1010.281982, 2.501000 

51.544998, -1013.820007, 3.599000 

52.521000, -1010.465027, 3.721000 

52.764999, -1011.318970, 4.270000 

52.154999, -1013.880981, 3.111000 

53.252998, -1012.051025, 4.331000 

51.789001, -1010.586975, 2.806000 

53.375000, -1013.331970, 4.514000 

52.582001, -1011.197021, 5.307000 

51.789001, -1012.294983, 3.538000 

52.643002, -1011.684998, 3.843000 

52.582001, -1012.905029, 3.538000 

53.313999, -1013.331970, 4.087000 

51.423000, -1013.515015, 4.514000 

51.362000, -1010.953003, 4.087000 

51.056999, -1013.088013, 4.697000 

50.995998, -1013.026978, 5.673000 

52.764999, -1013.026978, 4.697000 

53.924000, -1013.331970, 4.514000 

51.972000, -1011.440979, 2.989000 

52.338001, -1013.393005, 2.501000 

52.948002, -1012.539001, 3.721000 

52.216000, -1011.562988, 3.355000 

53.192001, -1013.270996, 4.087000 

52.948002, -1013.637024, 3.233000 

52.826000, -1012.112000, 5.368000 

54.595001, -1013.942017, 4.819000 

53.436001, -1011.380005, 3.172000 

54.778000, -1014.247009, 4.148000 

52.703999, -1011.440979, 4.148000 

51.849998, -1012.478027, 4.819000 

52.094002, -1013.575989, 2.745000 

53.008999, -1012.112000, 4.209000 

53.252998, -1011.440979, 2.623000 

54.046001, -1011.257996, 1.952000 

54.778000, -1011.440979, 2.745000 

52.216000, -1010.770020, 3.843000 

52.094002, -1012.661011, 4.941000 

54.473000, -1012.599976, 4.575000 

51.544998, -1011.257996, 5.124000 

51.362000, -1013.697998, 6.222000 

52.948002, -1012.599976, 5.917000 

51.972000, -1014.185974, 4.026000 

52.398998, -1011.929016, 4.758000 

52.398998, -1013.697998, 4.392000 

51.605999, -1012.416992, 4.575000 

52.887001, -1011.075012, 4.880000 

51.789001, -1011.502014, 4.209000 

52.154999, -1012.112000, 4.026000 

52.154999, -1010.892029, 3.050000 

53.985001, -1009.244995, 3.416000 

53.862999, -1012.172974, 1.342000 

52.582001, -1011.684998, 2.257000 

51.789001, -1013.393005, 0.427000 


