9.028000, 20.129999, -967.033020 

8.540000, 19.886000, -964.836975 

9.089000, 19.702999, -963.190002 

8.357000, 20.923000, -962.153015 

8.235000, 19.153999, -963.250977 

6.771000, 19.825001, -963.799988 

8.052000, 20.129999, -965.203003 

8.357000, 21.350000, -964.166016 

10.858000, 21.045000, -964.471008 

7.747000, 20.556999, -964.348999 

7.808000, 20.191000, -964.104980 

6.832000, 17.750999, -965.507996 

7.747000, 19.947001, -963.312012 

6.710000, 19.886000, -964.104980 

7.198000, 18.422001, -965.568970 

8.235000, 19.702999, -963.312012 

7.381000, 20.313000, -965.507996 

8.906000, 22.143000, -964.044006 

10.126000, 18.910000, -962.885010 

10.065000, 20.740000, -965.325012 

6.954000, 18.910000, -963.372986 

9.516000, 17.995001, -965.385986 

8.784000, 18.361000, -966.606018 

6.466000, 19.702999, -960.994019 

9.699000, 19.947001, -964.166016 

9.272000, 20.679001, -965.874023 

8.601000, 20.129999, -966.057007 

9.333000, 20.618000, -964.104980 

9.333000, 19.153999, -963.739014 

9.272000, 19.275999, -961.848022 

11.712000, 19.764000, -963.617004 

11.041000, 17.872999, -965.752014 

12.322000, 19.215000, -965.812988 

8.662000, 20.007999, -963.617004 

10.370000, 18.788000, -962.885010 

11.041000, 18.788000, -965.142029 

12.017000, 19.032000, -964.653992 

9.516000, 19.275999, -964.348999 

10.004000, 18.056000, -963.799988 

11.407000, 17.812000, -965.080994 

10.492000, 19.032000, -963.982971 

9.272000, 18.361000, -964.166016 

10.126000, 19.642000, -963.921997 

8.662000, 18.910000, -964.409973 

9.638000, 19.702999, -964.226990 

11.590000, 20.983999, -965.020020 

10.370000, 17.568001, -964.409973 

10.980000, 19.580999, -964.288025 

11.041000, 18.361000, -965.568970 

12.261000, 17.568001, -965.263977 

9.455000, 18.910000, -964.104980 

7.625000, 18.726999, -964.653992 

10.614000, 20.252001, -966.362000 

8.174000, 18.910000, -965.874023 

9.577000, 17.385000, -963.129028 

10.004000, 18.971001, -963.677979 

11.102000, 20.434999, -965.447021 

12.078000, 19.337000, -965.690979 

9.577000, 18.726999, -965.507996 

9.577000, 17.934000, -963.007019 

8.723000, 19.580999, -963.921997 

8.174000, 19.702999, -963.312012 

9.638000, 20.129999, -964.653992 

8.662000, 19.459000, -965.080994 

8.601000, 19.764000, -965.385986 

11.041000, 19.947001, -965.568970 

9.333000, 18.788000, -965.142029 

10.797000, 20.434999, -965.142029 

11.041000, 20.252001, -963.250977 

9.577000, 21.716000, -963.982971 

10.370000, 19.947001, -964.044006 

10.309000, 20.069000, -963.921997 

7.686000, 20.252001, -966.117981 

9.394000, 20.129999, -964.531982 

10.004000, 20.618000, -964.226990 

9.394000, 18.910000, -965.203003 

8.479000, 21.167000, -962.580017 

10.492000, 20.069000, -964.348999 

8.967000, 19.337000, -963.556030 

10.065000, 18.422001, -963.250977 

10.004000, 18.849001, -962.885010 

10.004000, 18.788000, -965.630005 

9.577000, 18.971001, -965.507996 

9.272000, 19.580999, -962.823975 

8.357000, 18.910000, -963.799988 

9.760000, 17.141001, -964.348999 

13.115000, 19.580999, -965.690979 

11.468000, 20.191000, -964.348999 

11.163000, 17.995001, -963.921997 

11.834000, 20.129999, -965.020020 

9.028000, 18.605000, -964.166016 

10.187000, 19.764000, -965.263977 

10.309000, 19.520000, -963.861023 

10.248000, 17.995001, -964.471008 

10.065000, 19.093000, -963.677979 

12.505000, 18.849001, -963.799988 

8.784000, 18.849001, -963.982971 

11.895000, 19.520000, -963.312012 

12.993000, 19.032000, -964.166016 

11.224000, 17.872999, -966.422974 

12.017000, 18.971001, -964.531982 

8.601000, 19.215000, -962.823975 

11.590000, 19.520000, -964.776001 

9.577000, 18.910000, -964.409973 

13.603000, 18.483000, -965.568970 

11.346000, 20.556999, -965.568970 

12.444000, 17.385000, -963.921997 

12.505000, 18.056000, -964.104980 

12.200000, 18.177999, -964.776001 

12.932000, 19.947001, -963.434021 

11.651000, 17.690001, -965.263977 

11.346000, 19.764000, -965.690979 

11.163000, 18.726999, -966.117981 

11.468000, 17.080000, -964.836975 

7.869000, 18.666000, -962.823975 

10.309000, 18.605000, -961.969971 

4.819000, 21.594000, -964.776001 

8.296000, 20.374001, -962.213989 

9.272000, 19.825001, -964.166016 

7.564000, 20.434999, -965.934998 

8.662000, 21.899000, -966.301025 

6.771000, 20.191000, -966.789001 

8.357000, 20.983999, -962.885010 

8.113000, 20.007999, -963.921997 

6.283000, 19.215000, -965.447021 

9.333000, 20.679001, -966.422974 

11.285000, 19.337000, -966.117981 

9.089000, 20.679001, -963.982971 

11.712000, 21.959999, -967.460022 

8.052000, 21.167000, -963.007019 

9.272000, 20.923000, -963.372986 

10.736000, 19.459000, -963.434021 

8.052000, 21.410999, -963.372986 

10.492000, 18.849001, -963.982971 

11.285000, 20.496000, -965.080994 

9.943000, 19.459000, -966.789001 

9.577000, 20.983999, -963.799988 

8.906000, 20.191000, -965.263977 

6.344000, 20.740000, -963.129028 

7.320000, 19.275999, -965.934998 

12.505000, 20.496000, -964.715027 

8.357000, 20.679001, -964.715027 

8.235000, 18.666000, -963.677979 

9.516000, 21.716000, -965.934998 

12.688000, 19.886000, -963.190002 

11.712000, 21.167000, -965.447021 

11.407000, 20.556999, -966.239990 

10.370000, 20.374001, -964.226990 

7.137000, 12.627000, -962.275024 

10.065000, 26.108000, -966.544983 

6.405000, 22.691999, -960.567017 

6.893000, 22.386999, -963.982971 

7.198000, 22.021000, -962.275024 

9.272000, 22.386999, -963.494995 

10.187000, 19.093000, -966.606018 

9.150000, 20.983999, -966.117981 

10.614000, 10.980000, -963.434021 

12.261000, 13.176000, -964.226990 

5.246000, 40.504002, -964.471008 

7.686000, 21.533001, -964.104980 

6.893000, 20.801001, -964.044006 

10.004000, 19.947001, -963.190002 

10.675000, 19.093000, -964.348999 

9.943000, 19.459000, -962.396973 

7.869000, 20.923000, -963.494995 

9.455000, 20.007999, -964.898010 

10.187000, 18.605000, -964.715027 

10.736000, 19.764000, -965.752014 

11.102000, 20.923000, -962.823975 

10.309000, 19.580999, -963.494995 

10.370000, 18.849001, -963.617004 

11.590000, 19.337000, -964.531982 

11.102000, 20.434999, -964.593018 

11.163000, 20.374001, -964.044006 

9.028000, 19.825001, -965.203003 

11.895000, 19.032000, -965.630005 

9.150000, 20.069000, -964.715027 

9.455000, 20.374001, -965.203003 

9.455000, 20.862000, -963.434021 

9.638000, 20.069000, -964.653992 

7.442000, 21.899000, -962.153015 

8.052000, 22.326000, -961.481995 

8.906000, 21.533001, -964.104980 

10.858000, 19.520000, -967.703979 

10.370000, 21.167000, -963.250977 

10.309000, 19.886000, -964.898010 

7.808000, 22.753000, -963.861023 

8.052000, 24.094999, -963.556030 

5.490000, 23.729000, -964.653992 

5.673000, 25.437000, -962.885010 

9.394000, 21.533001, -964.166016 

8.967000, 22.021000, -963.921997 

9.943000, 21.899000, -966.301025 

7.930000, 19.459000, -962.580017 

8.235000, 27.084000, -966.849976 

7.442000, 21.837999, -962.823975 

8.906000, 24.034000, -965.020020 

10.004000, 21.716000, -964.836975 

10.187000, 24.766001, -966.666992 

7.686000, 22.875000, -965.142029 

9.577000, 22.509001, -966.484009 

8.784000, 22.143000, -965.447021 

6.832000, 24.278000, -961.786987 

9.150000, 22.386999, -964.288025 

7.015000, 23.180000, -964.226990 

9.943000, 23.973000, -963.861023 

23.851000, 25.681000, -965.263977 

17.385000, 21.655001, -966.728027 

1.830000, 23.485001, -964.653992 

-3.233000, 22.082001, -966.606018 

4.819000, 21.533001, -970.265991 

6.283000, 15.860000, -959.468994 

1.586000, 32.634998, -966.789001 

3.843000, 26.962000, -960.018005 

1.220000, 27.023001, -961.237976 

7.381000, 26.047001, -966.179016 

7.991000, 25.254000, -963.861023 

48.250999, 24.278000, -966.789001 

24.339001, 21.777000, -966.117981 

-50.813000, 25.864000, -963.861023 

9.821000, 24.400000, -966.911011 

8.723000, 24.278000, -965.020020 

9.882000, 20.923000, -965.752014 

10.675000, 24.521999, -966.117981 

11.468000, 24.339001, -964.653992 

9.760000, 23.912001, -963.861023 

9.272000, 23.790001, -963.494995 

8.601000, 24.400000, -963.007019 

11.468000, 22.997000, -966.606018 

10.004000, 24.094999, -964.288025 

7.198000, 23.667999, -962.702026 

8.052000, 23.058001, -966.179016 

6.588000, 23.851000, -964.166016 

9.028000, 23.058001, -966.179016 

11.834000, 22.813999, -966.362000 

9.577000, 24.521999, -964.715027 

10.309000, 22.082001, -963.799988 

8.174000, 23.302000, -962.580017 

8.723000, 22.753000, -963.921997 

8.845000, 21.837999, -962.945984 

9.516000, 22.936001, -967.216003 

13.176000, 24.339001, -966.422974 

10.370000, 21.777000, -963.739014 

9.211000, 20.679001, -963.799988 

11.041000, 24.094999, -965.385986 

9.577000, 22.753000, -965.385986 

11.895000, 22.875000, -964.166016 

9.150000, 20.801001, -962.580017 

11.651000, 22.570000, -964.409973 

9.028000, 25.254000, -965.752014 

7.930000, 23.912001, -966.301025 

9.150000, 20.618000, -966.117981 

12.078000, 21.350000, -962.031006 

12.505000, 19.215000, -965.080994 

12.688000, 22.509001, -967.887024 

9.211000, 21.533001, -963.921997 

10.065000, 21.837999, -962.763000 

9.882000, 22.570000, -964.044006 

10.431000, 21.228001, -964.348999 

10.370000, 25.620001, -965.385986 

10.736000, 18.910000, -963.190002 

11.224000, 20.740000, -965.812988 

12.871000, 19.825001, -963.861023 

10.370000, 20.679001, -963.129028 

11.346000, 21.045000, -964.348999 

7.198000, 22.997000, -964.166016 

9.150000, 22.448000, -965.934998 

8.784000, 20.618000, -965.020020 

8.113000, 21.045000, -962.580017 

10.248000, 23.485001, -964.958984 

10.431000, 20.252001, -964.593018 

10.980000, 21.899000, -964.226990 

11.956000, 22.264999, -964.776001 

9.943000, 21.472000, -964.836975 

7.015000, 20.313000, -964.593018 

10.065000, 22.570000, -964.104980 

9.211000, 23.118999, -962.153015 

10.370000, 21.350000, -962.763000 

8.845000, 22.021000, -964.653992 

9.516000, 20.191000, -965.995972 

8.235000, 22.936001, -963.494995 

10.614000, 21.472000, -962.458008 

11.529000, 20.618000, -965.080994 

11.163000, 21.045000, -966.239990 

9.760000, 20.496000, -964.776001 

10.492000, 22.448000, -966.544983 

6.649000, 21.716000, -963.129028 

6.771000, 22.264999, -962.763000 

9.150000, 20.801001, -965.263977 

8.967000, 21.106001, -962.396973 

9.394000, 21.837999, -964.226990 

9.699000, 21.837999, -965.568970 

9.577000, 21.959999, -965.934998 

10.065000, 20.007999, -963.312012 

8.967000, 22.082001, -964.653992 

8.662000, 22.386999, -965.568970 

9.333000, 22.813999, -964.531982 

9.150000, 21.777000, -964.958984 

6.588000, 20.434999, -961.664978 

7.930000, 20.191000, -966.057007 

8.967000, 21.777000, -964.836975 

9.272000, 21.350000, -965.630005 

8.601000, 21.106001, -963.372986 

9.760000, 21.472000, -965.447021 

9.699000, 21.655001, -965.995972 

9.516000, 21.106001, -966.179016 

10.431000, 22.691999, -964.409973 

7.930000, 21.899000, -965.142029 

8.784000, 22.691999, -965.630005 

10.614000, 21.655001, -966.544983 

11.468000, 23.240999, -965.142029 

7.320000, 22.691999, -962.031006 

9.760000, 24.827000, -965.690979 

10.858000, 17.018999, -965.080994 

11.407000, 20.313000, -965.630005 

8.601000, 20.374001, -963.799988 

9.882000, 21.350000, -965.263977 

8.601000, 20.983999, -965.752014 

9.699000, 20.556999, -961.481995 

8.784000, 21.777000, -963.861023 

10.553000, 21.655001, -964.898010 

8.723000, 19.580999, -965.568970 

9.882000, 22.021000, -965.447021 

10.919000, 20.129999, -964.593018 

8.540000, 21.350000, -964.471008 

7.686000, 20.129999, -964.593018 

9.028000, 19.886000, -964.898010 

8.174000, 19.642000, -963.799988 

10.492000, 22.326000, -964.166016 

10.919000, 21.533001, -965.142029 

9.699000, 21.106001, -963.982971 

8.967000, 21.228001, -963.434021 

12.322000, 20.496000, -966.117981 

9.943000, 19.642000, -964.226990 

10.858000, 23.363001, -963.190002 

10.370000, 22.326000, -963.617004 

7.564000, 22.691999, -963.861023 

9.150000, 21.655001, -965.630005 

8.174000, 20.862000, -966.911011 

9.760000, 20.923000, -964.226990 

11.407000, 22.509001, -963.982971 

11.834000, 20.313000, -963.556030 

7.137000, 20.983999, -965.325012 

10.675000, 20.252001, -963.739014 

9.028000, 21.959999, -962.763000 

9.516000, 22.204000, -963.372986 

10.248000, 22.691999, -966.239990 

7.503000, 22.997000, -963.556030 

10.065000, 21.594000, -965.020020 

7.747000, 21.350000, -964.593018 

10.187000, 22.875000, -965.568970 

9.699000, 22.326000, -963.617004 

8.174000, 22.448000, -966.239990 

9.272000, 22.082001, -966.179016 

8.357000, 22.813999, -966.057007 

6.710000, 22.143000, -964.348999 

10.309000, 20.923000, -964.776001 

9.516000, 21.594000, -964.166016 

9.943000, 21.594000, -966.117981 

9.150000, 20.740000, -965.507996 

9.638000, 22.753000, -965.690979 

9.699000, 21.472000, -965.142029 

7.259000, 20.679001, -963.556030 

8.479000, 21.410999, -963.921997 

10.370000, 20.252001, -965.690979 

8.845000, 20.740000, -964.593018 

10.736000, 21.289000, -965.203003 

9.150000, 21.045000, -964.044006 

6.222000, 20.129999, -963.007019 

9.577000, 19.886000, -964.776001 

9.699000, 20.374001, -964.166016 

10.248000, 20.740000, -964.348999 

10.614000, 21.228001, -964.471008 

9.211000, 20.556999, -965.507996 

9.760000, 21.167000, -964.226990 

8.967000, 20.923000, -963.434021 

10.736000, 20.374001, -964.348999 

10.004000, 21.228001, -965.447021 

11.590000, 20.740000, -966.422974 

8.784000, 21.410999, -963.617004 

10.248000, 20.434999, -965.020020 

11.407000, 21.106001, -966.239990 

9.333000, 21.533001, -963.677979 

11.895000, 21.167000, -966.422974 

9.150000, 22.204000, -963.129028 

10.553000, 21.350000, -963.617004 

10.614000, 21.289000, -964.226990 

9.028000, 20.191000, -964.593018 

10.187000, 22.021000, -964.409973 

10.919000, 21.472000, -964.348999 

9.760000, 21.837999, -964.104980 

8.906000, 19.825001, -962.580017 

9.760000, 21.106001, -963.739014 

9.882000, 19.032000, -963.312012 

9.699000, 21.899000, -964.958984 

10.004000, 20.923000, -964.958984 

8.601000, 21.410999, -963.739014 

11.041000, 19.032000, -964.166016 

11.407000, 21.777000, -964.593018 

9.272000, 21.289000, -965.020020 

9.882000, 21.350000, -964.653992 

8.601000, 21.777000, -964.715027 

8.845000, 19.580999, -966.362000 

10.431000, 21.533001, -965.995972 

9.760000, 20.129999, -964.044006 

9.211000, 21.533001, -963.861023 

10.980000, 20.983999, -963.861023 

8.906000, 19.337000, -964.715027 

8.784000, 20.740000, -964.898010 

9.516000, 21.655001, -963.617004 

10.126000, 20.496000, -963.982971 

9.699000, 21.716000, -964.836975 

11.407000, 21.472000, -965.995972 

9.638000, 22.264999, -965.507996 

11.529000, 20.252001, -963.982971 

9.089000, 22.204000, -963.494995 

10.187000, 21.289000, -963.372986 

8.540000, 20.801001, -965.812988 

9.211000, 21.106001, -965.263977 

10.980000, 21.899000, -964.531982 

10.614000, 21.777000, -963.921997 

10.126000, 21.899000, -965.568970 

9.638000, 20.556999, -962.702026 

10.187000, 20.129999, -964.776001 

10.187000, 21.167000, -965.385986 

9.455000, 21.472000, -964.593018 

9.943000, 20.983999, -961.177002 

9.577000, 20.007999, -965.568970 

9.821000, 20.374001, -963.921997 

11.895000, 21.899000, -962.396973 

11.773000, 21.655001, -965.325012 

10.431000, 20.496000, -965.080994 

10.126000, 20.252001, -965.020020 

8.601000, 22.386999, -963.799988 

9.455000, 20.252001, -964.409973 

10.004000, 19.825001, -963.799988 

9.638000, 22.570000, -965.325012 

8.723000, 20.923000, -965.507996 

12.810000, 20.374001, -966.484009 

10.736000, 20.374001, -962.275024 

9.272000, 20.740000, -962.396973 

9.028000, 22.936001, -964.044006 

10.187000, 20.191000, -965.507996 

9.760000, 21.777000, -963.982971 

9.638000, 20.740000, -963.556030 

10.675000, 24.766001, -964.044006 

11.407000, 20.556999, -964.409973 

9.577000, 21.899000, -965.874023 

9.516000, 21.045000, -962.763000 

12.078000, 19.398001, -966.606018 

10.065000, 20.556999, -964.593018 

10.065000, 21.289000, -962.763000 

10.126000, 21.899000, -965.812988 

9.638000, 20.618000, -963.007019 

10.614000, 20.556999, -964.409973 

9.516000, 23.485001, -965.934998 

9.577000, 20.252001, -964.471008 

9.272000, 21.837999, -965.752014 

10.980000, 21.716000, -963.739014 

9.211000, 20.496000, -964.288025 

11.590000, 21.777000, -964.836975 

9.394000, 22.082001, -962.640991 

7.991000, 21.594000, -963.067993 

10.248000, 19.215000, -966.666992 

8.967000, 21.045000, -964.104980 

12.505000, 22.021000, -965.385986 

6.954000, 21.777000, -964.776001 

8.235000, 21.045000, -964.471008 

8.662000, 21.594000, -964.715027 

8.479000, 21.594000, -964.958984 

8.906000, 20.496000, -963.067993 

8.723000, 20.801001, -963.067993 

7.259000, 20.983999, -965.690979 

7.564000, 21.472000, -963.677979 

10.553000, 21.410999, -964.409973 

8.967000, 19.947001, -963.799988 

8.784000, 20.862000, -963.739014 

9.516000, 20.069000, -963.067993 

11.163000, 22.326000, -965.507996 

8.357000, 20.313000, -963.190002 

9.882000, 21.777000, -965.934998 

8.418000, 20.862000, -964.348999 

10.797000, 22.813999, -965.142029 

9.638000, 20.252001, -963.921997 

8.601000, 20.801001, -966.239990 

10.004000, 21.106001, -963.372986 

10.126000, 21.777000, -964.288025 

6.893000, 21.410999, -963.982971 

10.065000, 21.228001, -965.263977 

11.224000, 22.753000, -965.142029 

10.248000, 21.716000, -964.166016 

9.882000, 20.983999, -963.372986 

7.442000, 23.729000, -965.203003 

9.028000, 22.326000, -964.531982 

7.564000, 21.899000, -963.129028 

10.004000, 20.983999, -964.348999 

7.137000, 21.533001, -963.677979 

6.954000, 21.289000, -964.044006 

8.235000, 21.350000, -963.677979 

8.845000, 22.082001, -966.422974 

9.699000, 20.496000, -966.362000 

9.394000, 23.851000, -964.958984 

9.394000, 21.899000, -964.898010 

9.333000, 22.082001, -963.434021 

9.089000, 20.252001, -966.301025 

11.224000, 21.959999, -964.593018 

10.919000, 20.252001, -962.763000 

9.150000, 20.862000, -963.434021 

8.479000, 23.180000, -964.409973 

9.821000, 21.716000, -964.044006 

11.041000, 21.045000, -965.995972 

11.102000, 21.594000, -964.471008 

9.089000, 22.875000, -964.715027 

9.943000, 20.191000, -964.471008 

8.906000, 19.764000, -965.142029 

9.882000, 21.472000, -964.958984 

7.991000, 21.410999, -964.836975 

7.869000, 22.021000, -965.020020 

11.773000, 21.106001, -965.690979 

9.943000, 21.472000, -966.422974 

10.492000, 19.825001, -964.166016 

8.601000, 23.240999, -964.288025 

9.882000, 20.862000, -964.531982 

9.333000, 21.594000, -964.593018 

10.187000, 23.912001, -965.874023 

7.198000, 21.899000, -964.836975 

10.797000, 23.240999, -966.422974 

8.357000, 20.923000, -963.982971 

8.906000, 22.143000, -964.898010 

8.540000, 22.753000, -964.898010 

8.723000, 20.801001, -963.190002 

9.760000, 21.472000, -964.409973 

9.699000, 20.313000, -963.556030 

10.065000, 21.655001, -964.653992 

7.808000, 20.801001, -965.385986 

9.760000, 22.021000, -963.677979 

11.712000, 21.289000, -966.544983 

11.224000, 21.959999, -964.288025 

8.296000, 21.594000, -964.776001 

10.431000, 22.326000, -965.507996 

10.309000, 21.472000, -964.288025 

11.590000, 20.679001, -965.690979 

9.516000, 21.045000, -962.885010 

10.431000, 21.655001, -964.104980 

9.760000, 21.899000, -964.348999 

9.455000, 21.167000, -964.471008 

10.980000, 19.764000, -963.434021 

9.333000, 21.777000, -963.677979 

11.895000, 20.007999, -966.666992 

11.041000, 20.801001, -965.385986 

11.651000, 20.556999, -964.593018 

11.529000, 20.252001, -964.836975 

8.967000, 22.936001, -964.288025 

10.980000, 20.191000, -965.142029 

8.967000, 20.679001, -964.471008 

7.503000, 21.350000, -961.908997 

10.004000, 20.496000, -965.385986 

10.065000, 23.790001, -965.812988 

10.309000, 24.278000, -964.104980 

12.017000, 20.313000, -965.203003 

9.760000, 20.740000, -964.776001 

9.821000, 22.021000, -966.666992 

7.991000, 20.679001, -964.166016 

8.052000, 20.923000, -965.507996 

5.673000, 22.691999, -963.312012 

7.076000, 23.485001, -965.568970 

7.137000, 21.655001, -963.556030 

8.662000, 21.716000, -963.434021 

6.954000, 23.058001, -963.434021 

6.222000, 23.607000, -961.664978 

11.163000, 21.472000, -965.630005 

9.394000, 21.655001, -964.409973 

8.113000, 21.533001, -962.823975 

9.516000, 22.448000, -964.226990 

7.503000, 22.691999, -966.728027 

7.991000, 23.485001, -965.447021 

7.808000, 22.143000, -964.531982 

6.405000, 22.021000, -962.640991 

10.858000, 22.691999, -965.752014 

9.272000, 20.923000, -964.776001 

8.845000, 23.424000, -963.739014 

7.747000, 23.546000, -962.396973 

11.041000, 22.753000, -965.020020 

7.991000, 22.570000, -961.604004 

9.516000, 21.837999, -964.958984 

10.736000, 22.936001, -964.104980 

8.845000, 21.289000, -965.203003 

8.662000, 22.631001, -964.226990 

8.235000, 22.204000, -963.982971 

8.967000, 21.837999, -964.409973 

8.479000, 22.997000, -965.690979 

6.954000, 22.631001, -964.226990 

9.455000, 22.570000, -964.044006 

10.736000, 22.143000, -963.312012 

9.699000, 23.485001, -964.044006 

9.699000, 23.790001, -963.617004 

11.407000, 23.240999, -966.544983 

8.418000, 22.264999, -963.739014 

6.710000, 21.899000, -961.481995 

7.747000, 22.875000, -962.823975 

9.272000, 22.326000, -965.142029 

9.760000, 22.143000, -965.020020 

12.078000, 22.875000, -964.104980 

11.163000, 22.753000, -966.362000 

10.797000, 20.496000, -963.556030 

8.174000, 23.363001, -963.556030 

8.235000, 21.410999, -963.739014 

9.333000, 23.363001, -963.434021 

7.808000, 23.790001, -966.179016 

10.919000, 23.180000, -965.020020 

9.272000, 21.289000, -964.715027 

8.418000, 20.983999, -963.312012 

10.614000, 21.837999, -963.799988 

8.601000, 23.180000, -964.776001 

11.834000, 22.936001, -966.057007 

10.065000, 20.740000, -964.958984 

9.150000, 20.374001, -963.372986 

8.479000, 21.594000, -963.861023 

7.259000, 22.264999, -965.812988 

9.943000, 22.386999, -963.617004 

7.747000, 22.570000, -965.447021 

8.479000, 23.485001, -963.799988 

11.712000, 24.034000, -965.690979 

8.357000, 22.509001, -961.786987 

10.492000, 23.302000, -963.799988 

7.991000, 23.790001, -962.945984 

9.272000, 22.448000, -963.677979 

8.662000, 23.424000, -963.129028 

10.248000, 21.899000, -966.179016 

8.967000, 21.655001, -964.166016 

7.198000, 23.729000, -964.898010 

8.418000, 22.813999, -962.580017 

9.760000, 22.386999, -964.104980 

9.394000, 22.691999, -964.715027 

7.442000, 22.753000, -964.226990 

9.211000, 21.655001, -963.799988 

7.503000, 24.643999, -964.471008 

9.943000, 23.058001, -963.556030 

10.980000, 21.837999, -964.471008 

10.431000, 21.410999, -964.288025 

11.468000, 22.936001, -965.080994 

9.211000, 22.326000, -964.531982 

9.821000, 21.167000, -966.239990 

11.407000, 21.472000, -963.617004 

10.858000, 20.313000, -963.007019 

10.858000, 21.410999, -964.531982 

11.041000, 22.509001, -964.044006 

9.577000, 21.350000, -964.776001 

11.529000, 21.350000, -964.958984 

8.418000, 21.533001, -963.434021 

9.760000, 23.485001, -964.226990 

10.248000, 22.813999, -963.861023 

11.224000, 21.410999, -964.104980 

10.614000, 23.118999, -964.348999 

9.272000, 22.509001, -963.372986 

10.431000, 23.118999, -963.921997 

9.272000, 22.143000, -962.763000 

7.381000, 20.496000, -963.494995 

10.004000, 21.594000, -964.044006 

8.662000, 23.363001, -965.142029 

9.089000, 23.607000, -963.982971 

9.577000, 22.204000, -962.823975 

9.943000, 23.058001, -964.531982 

10.614000, 22.021000, -964.226990 

9.272000, 20.434999, -965.934998 

8.723000, 22.143000, -965.203003 

9.028000, 23.607000, -965.874023 

11.651000, 21.594000, -966.422974 

10.004000, 22.448000, -962.640991 

10.431000, 21.716000, -966.117981 

9.150000, 22.143000, -962.396973 

9.333000, 20.496000, -964.593018 

8.418000, 22.509001, -964.593018 

10.126000, 21.655001, -965.142029 

11.285000, 22.021000, -965.203003 

9.943000, 22.204000, -964.226990 

7.198000, 21.594000, -964.836975 

10.370000, 21.594000, -963.677979 

9.455000, 21.899000, -962.518982 

10.980000, 19.459000, -966.057007 

11.773000, 23.667999, -963.982971 

10.797000, 21.350000, -966.484009 

9.516000, 22.691999, -963.250977 

8.540000, 21.106001, -964.531982 

9.394000, 21.533001, -965.630005 

9.333000, 20.191000, -964.531982 

11.590000, 21.777000, -964.776001 

9.943000, 21.472000, -963.799988 

9.516000, 20.740000, -965.812988 

10.126000, 22.813999, -963.677979 

9.760000, 23.790001, -963.861023 

8.601000, 23.180000, -963.067993 

11.407000, 23.667999, -965.385986 

9.272000, 22.264999, -965.507996 

10.736000, 22.631001, -965.447021 

11.895000, 21.167000, -966.484009 

8.967000, 21.959999, -964.348999 

10.553000, 20.923000, -963.556030 

13.359000, 21.594000, -965.568970 

10.248000, 20.007999, -965.812988 

9.577000, 21.472000, -962.580017 

12.749000, 20.862000, -964.044006 

10.309000, 22.021000, -966.057007 

11.712000, 21.045000, -964.776001 

10.431000, 21.655001, -962.275024 

9.699000, 21.837999, -965.752014 

10.492000, 21.167000, -965.263977 

11.956000, 20.556999, -964.898010 

9.943000, 20.801001, -965.630005 

10.614000, 22.813999, -964.593018 

11.285000, 21.777000, -962.213989 

11.041000, 22.082001, -965.142029 

9.760000, 21.594000, -964.044006 

12.017000, 23.424000, -965.020020 

9.943000, 15.921000, -963.372986 

11.224000, 20.923000, -965.325012 

8.357000, 21.655001, -963.921997 

11.102000, 21.655001, -963.556030 

10.126000, 22.326000, -965.142029 

11.529000, 21.167000, -963.921997 

13.115000, 19.520000, -966.728027 

10.065000, 20.923000, -964.104980 

11.224000, 21.837999, -964.653992 

9.638000, 20.740000, -965.934998 

10.675000, 21.655001, -966.544983 

9.882000, 19.093000, -963.372986 

11.346000, 20.496000, -963.677979 

11.102000, 22.082001, -963.739014 

12.261000, 19.825001, -963.617004 

11.895000, 21.716000, -964.409973 

9.638000, 22.021000, -963.190002 

10.370000, 19.947001, -964.898010 

10.736000, 19.398001, -965.568970 

9.516000, 20.983999, -964.653992 

12.078000, 19.764000, -965.874023 

10.431000, 20.556999, -966.544983 

10.004000, 21.716000, -965.020020 

11.224000, 21.106001, -964.836975 

11.468000, 19.642000, -963.556030 

14.030000, 20.923000, -968.497009 

11.407000, 20.496000, -963.434021 

11.224000, 20.983999, -964.715027 

12.261000, 20.374001, -966.179016 

9.882000, 21.837999, -965.203003 

10.797000, 19.886000, -965.507996 

10.309000, 21.045000, -964.776001 

11.163000, 21.533001, -964.226990 

9.455000, 21.106001, -963.556030 

10.797000, 19.825001, -964.776001 

9.943000, 20.069000, -964.409973 

11.224000, 20.923000, -964.288025 

11.590000, 18.361000, -963.739014 

10.492000, 21.533001, -965.203003 

12.261000, 20.434999, -963.861023 

10.187000, 19.459000, -963.129028 

11.529000, 20.801001, -963.312012 

11.834000, 19.215000, -963.556030 

10.004000, 19.093000, -965.142029 

10.492000, 21.228001, -963.556030 

10.492000, 19.947001, -965.690979 

11.346000, 20.801001, -963.250977 

11.651000, 19.580999, -965.447021 

12.688000, 19.886000, -966.239990 

12.871000, 20.679001, -965.874023 

9.150000, 19.275999, -964.593018 

9.333000, 19.093000, -964.409973 

9.577000, 20.496000, -962.518982 

10.004000, 20.556999, -965.325012 

13.176000, 18.177999, -964.776001 

10.431000, 19.947001, -964.471008 

9.943000, 20.556999, -964.531982 

11.468000, 20.679001, -964.409973 

11.529000, 21.655001, -965.752014 

12.993000, 20.191000, -964.104980 

10.736000, 20.191000, -962.945984 

11.651000, 18.239000, -965.934998 

10.675000, 19.275999, -965.934998 

9.211000, 21.106001, -965.995972 

10.431000, 20.556999, -964.653992 

9.272000, 19.764000, -965.203003 

11.712000, 19.764000, -965.203003 

10.553000, 20.069000, -964.226990 

11.407000, 19.459000, -963.190002 

10.858000, 22.448000, -964.348999 

10.309000, 19.275999, -965.874023 

10.614000, 19.153999, -964.531982 

10.980000, 19.947001, -965.080994 

12.200000, 20.618000, -965.447021 

8.845000, 17.995001, -958.797974 

11.895000, 20.679001, -972.278992 

10.553000, 18.788000, -963.494995 

10.919000, 20.496000, -966.117981 

9.577000, 20.434999, -964.531982 

9.638000, 19.215000, -965.385986 

11.529000, 18.299999, -962.091980 

9.394000, 19.153999, -963.982971 

10.248000, 19.337000, -965.630005 

11.102000, 18.117001, -964.471008 

10.248000, 19.702999, -962.335999 

13.420000, 19.459000, -963.617004 

11.956000, 18.605000, -964.166016 

8.723000, 19.825001, -963.921997 

11.651000, 19.947001, -964.836975 

11.407000, 20.556999, -965.080994 

7.442000, 19.275999, -964.166016 

11.590000, 18.056000, -964.776001 

9.882000, 18.849001, -962.823975 

10.248000, 19.153999, -965.080994 

6.649000, 18.483000, -962.518982 

10.797000, 20.434999, -963.799988 

10.370000, 17.568001, -964.166016 

10.004000, 19.702999, -963.190002 

9.150000, 18.361000, -966.544983 

7.625000, 17.629000, -964.471008 

10.309000, 19.825001, -962.458008 

9.333000, 18.177999, -964.958984 

8.357000, 19.032000, -961.664978 

7.564000, 18.666000, -965.263977 

7.198000, 18.117001, -964.653992 

7.381000, 19.215000, -965.263977 

9.821000, 18.239000, -965.752014 

10.004000, 17.934000, -965.325012 

9.516000, 18.666000, -966.728027 

6.893000, 17.690001, -964.531982 

4.575000, 17.934000, -959.530029 

8.174000, 18.483000, -965.690979 

7.625000, 17.445999, -964.226990 

9.638000, 21.959999, -966.239990 

6.954000, 14.335000, -965.507996 

7.564000, 17.568001, -964.348999 

7.381000, 15.921000, -967.398987 

5.551000, 17.080000, -963.861023 

6.039000, 17.934000, -963.982971 

6.222000, 17.141001, -962.945984 

4.697000, 16.348000, -963.982971 

7.259000, 19.642000, -965.263977 

5.490000, 17.263000, -963.190002 

7.625000, 18.117001, -962.458008 

4.087000, 16.653000, -965.263977 

7.137000, 15.555000, -965.752014 

6.344000, 18.056000, -965.874023 

3.294000, 5.490000, -947.330017 

12.322000, 28.059999, -991.677002 

2.196000, 15.738000, -955.565002 

3.477000, 14.762000, -961.848022 

4.026000, 18.849001, -968.984985 

1.769000, 15.860000, -965.995972 

38.856998, 10.614000, -965.690979 

50.386002, 13.725000, -974.780029 

-17.385000, 16.958000, -959.591003 

-41.236000, 26.657000, -961.848022 

-6.527000, 14.823000, -968.619019 

7.930000, 22.570000, -970.875977 

-17.141001, 5.978000, -960.750000 

-12.139000, 5.551000, -937.265015 

-1.159000, 6.832000, -953.612976 

2.989000, 22.021000, -976.427002 

-1.464000, 19.764000, -972.888977 

-3.050000, 12.932000, -955.809021 

2.196000, 9.577000, -960.383972 

2.257000, 15.494000, -968.375000 

2.989000, 16.165001, -967.643005 

1.891000, 12.444000, -963.312012 

1.220000, 13.664000, -963.799988 

0.488000, 14.335000, -962.702026 

1.159000, 12.566000, -957.028992 

3.782000, 14.091000, -962.823975 

5.734000, 17.385000, -969.473022 

6.832000, 15.860000, -969.900024 

5.795000, 13.542000, -966.606018 

5.246000, 15.860000, -963.799988 

6.222000, 13.969000, -963.861023 

3.172000, 14.579000, -964.044006 

7.503000, 17.445999, -962.518982 

9.089000, 15.921000, -965.874023 

3.782000, 11.895000, -963.494995 

5.307000, 14.579000, -965.080994 

7.503000, 15.494000, -965.874023 

4.087000, 11.102000, -966.362000 

3.477000, 13.176000, -963.677979 

7.015000, 14.945000, -966.239990 

6.832000, 13.908000, -964.288025 

6.100000, 14.640000, -964.288025 

7.625000, 15.555000, -965.752014 

6.771000, 13.847000, -964.836975 

3.782000, 14.152000, -964.104980 

7.503000, 14.030000, -964.531982 

6.832000, 14.945000, -964.166016 

7.869000, 14.396000, -966.239990 

5.856000, 13.542000, -963.494995 

5.185000, 15.677000, -964.104980 

4.941000, 14.701000, -963.739014 

8.235000, 13.054000, -963.799988 

8.052000, 15.067000, -964.288025 

8.357000, 16.409000, -967.520996 

6.161000, 14.518000, -965.263977 

7.869000, 15.677000, -966.606018 

4.636000, 15.738000, -961.969971 

7.503000, 14.274000, -964.653992 

7.015000, 13.603000, -965.385986 

7.869000, 16.042999, -964.288025 

9.455000, 14.518000, -967.398987 

8.418000, 16.653000, -964.226990 

6.710000, 15.067000, -964.409973 

7.930000, 14.457000, -964.531982 

7.137000, 15.982000, -963.739014 

7.320000, 13.542000, -963.861023 

7.320000, 15.494000, -965.995972 

8.784000, 16.165001, -963.861023 

10.614000, 15.189000, -965.142029 

7.991000, 14.396000, -964.104980 

7.991000, 14.701000, -963.372986 

8.174000, 14.518000, -966.484009 

8.235000, 13.237000, -963.921997 

7.625000, 16.469999, -964.836975 

7.747000, 15.372000, -965.020020 

8.845000, 14.518000, -965.568970 

7.991000, 15.006000, -964.531982 

8.723000, 14.457000, -962.580017 

8.479000, 12.871000, -965.934998 

8.601000, 15.433000, -965.385986 

10.004000, 16.653000, -964.958984 

8.784000, 15.372000, -963.982971 

9.394000, 14.457000, -963.677979 

8.174000, 15.555000, -962.885010 

8.662000, 15.799000, -965.812988 

8.967000, 15.006000, -963.434021 

8.113000, 16.469999, -964.166016 

8.784000, 14.640000, -964.409973 

7.991000, 17.263000, -965.142029 

8.906000, 17.385000, -963.190002 

11.834000, 17.141001, -964.653992 

9.577000, 15.555000, -964.958984 

10.614000, 17.018999, -964.288025 

8.540000, 16.775000, -964.531982 

10.736000, 15.982000, -965.325012 

9.455000, 16.348000, -965.325012 

8.601000, 16.042999, -964.166016 

9.150000, 17.263000, -963.677979 

10.919000, 16.042999, -963.982971 

9.943000, 18.361000, -963.799988 

10.187000, 16.226000, -965.630005 

10.858000, 17.202000, -962.396973 

9.577000, 16.896999, -964.531982 

9.821000, 16.531000, -965.507996 

8.723000, 15.738000, -962.396973 

10.797000, 15.433000, -963.494995 

9.882000, 16.469999, -964.531982 

10.492000, 16.348000, -964.104980 

10.187000, 16.896999, -965.142029 

10.675000, 15.494000, -964.653992 

10.919000, 17.385000, -964.715027 

10.797000, 17.690001, -962.885010 

8.784000, 15.189000, -963.372986 

9.089000, 17.080000, -965.080994 

9.028000, 18.361000, -965.752014 

10.187000, 15.128000, -963.617004 

9.577000, 17.018999, -965.385986 

8.967000, 18.239000, -965.263977 

10.919000, 16.042999, -963.861023 

10.248000, 17.445999, -965.447021 

9.028000, 16.348000, -963.739014 

11.163000, 18.299999, -964.776001 

10.797000, 17.507000, -964.044006 

9.821000, 16.896999, -962.640991 

9.333000, 17.812000, -963.250977 

9.821000, 18.056000, -962.823975 

9.821000, 17.323999, -963.007019 

8.967000, 16.531000, -964.348999 

9.211000, 15.921000, -963.861023 

10.004000, 19.275999, -965.447021 

10.126000, 18.299999, -964.593018 

9.577000, 19.398001, -966.606018 

8.296000, 17.568001, -963.677979 

11.956000, 21.533001, -965.690979 

8.906000, 17.141001, -964.348999 

10.187000, 18.361000, -965.020020 

9.089000, 20.801001, -963.617004 

11.590000, 18.666000, -964.348999 

10.126000, 20.007999, -964.166016 

10.309000, 19.215000, -964.166016 

12.871000, 17.872999, -964.104980 

8.662000, 18.605000, -963.494995 

9.699000, 17.018999, -965.507996 

9.577000, 17.690001, -963.129028 

10.919000, 18.422001, -964.531982 

8.906000, 17.141001, -964.715027 

9.760000, 18.544001, -965.447021 

10.553000, 18.056000, -963.129028 

10.675000, 17.385000, -965.142029 

10.736000, 19.764000, -967.887024 

9.455000, 19.947001, -965.325012 

9.577000, 18.056000, -962.275024 

10.980000, 19.275999, -964.776001 

8.967000, 17.934000, -963.007019 

9.394000, 19.093000, -965.020020 

11.163000, 18.483000, -965.507996 

9.699000, 18.422001, -964.409973 

11.102000, 18.788000, -964.288025 

9.943000, 18.117001, -964.104980 

10.126000, 20.069000, -965.385986 

9.882000, 18.056000, -964.898010 

10.614000, 19.580999, -963.739014 

11.834000, 19.825001, -964.715027 

8.235000, 18.361000, -962.213989 

9.882000, 17.690001, -962.763000 

11.163000, 19.764000, -965.995972 

9.821000, 21.106001, -963.677979 

7.198000, 17.629000, -963.921997 

9.211000, 20.313000, -963.312012 

10.736000, 19.215000, -963.312012 

10.370000, 20.434999, -964.471008 

9.882000, 18.422001, -965.995972 

9.516000, 18.788000, -962.702026 

10.004000, 17.629000, -964.653992 

7.930000, 19.520000, -962.702026 

11.102000, 19.459000, -964.104980 

9.272000, 17.629000, -965.507996 

8.784000, 22.082001, -964.836975 

8.052000, 18.788000, -962.580017 

10.248000, 19.275999, -964.044006 

11.468000, 17.995001, -963.190002 

8.601000, 19.886000, -963.677979 

8.601000, 19.032000, -964.776001 

8.601000, 17.263000, -964.776001 

9.150000, 16.531000, -964.166016 

9.211000, 19.520000, -967.155029 

8.418000, 15.311000, -963.190002 

6.222000, 23.118999, -964.348999 

9.577000, 21.837999, -962.640991 

10.126000, 19.337000, -963.617004 

9.028000, 21.167000, -964.593018 

8.845000, 20.374001, -964.836975 

5.063000, 20.252001, -962.091980 

10.431000, 20.983999, -966.911011 

7.442000, 18.849001, -963.677979 

8.357000, 20.923000, -965.507996 

6.710000, 21.959999, -963.861023 

7.259000, 19.153999, -964.348999 

8.235000, 18.971001, -967.093994 

9.821000, 18.239000, -962.580017 

8.540000, 23.485001, -964.471008 

7.503000, 20.313000, -964.288025 

10.187000, 21.410999, -963.739014 

10.004000, 20.191000, -964.348999 

8.601000, 21.289000, -966.362000 

8.113000, 18.483000, -965.020020 

7.015000, 19.825001, -964.226990 

9.394000, 20.862000, -964.288025 

10.004000, 20.313000, -964.348999 

10.736000, 19.947001, -965.995972 

10.614000, 19.032000, -967.338013 

6.893000, 19.886000, -962.580017 

9.028000, 21.533001, -962.458008 

9.211000, 18.788000, -964.104980 


